Title,Score,Number_Of_Comments,Publish_Date,Link
"New PCM withholding prescribed medication until they ""start work"". advice?",59,36,1663094588,https://www.reddit.com/r/AirForce/comments/xdf30q/new_pcm_withholding_prescribed_medication_until/
Keys to happiness:,164,36,1663033040,https://www.reddit.com/r/AirForce/comments/xcuevr/keys_to_happiness/
Check in on your guys,496,51,1662799885,https://www.reddit.com/r/AirForce/comments/xakdkb/check_in_on_your_guys/
Getting divorced,332,217,1661733974,https://www.reddit.com/r/AirForce/comments/x0az9s/getting_divorced/
Idiot Airmen stories please,420,456,1661345250,https://www.reddit.com/r/AirForce/comments/wwio66/idiot_airmen_stories_please/
Dependa Threatened My Autistic Child Claimed shes a Big Dill,502,165,1660939909,https://www.reddit.com/r/AirForce/comments/wsnno9/dependa_threatened_my_autistic_child_claimed_shes/
Anyone else struggle to do work because of their mental health?,70,34,1660653400,https://www.reddit.com/r/AirForce/comments/wpt8ee/anyone_else_struggle_to_do_work_because_of_their/
Heavy salt warning.,270,128,1660621601,https://www.reddit.com/r/AirForce/comments/wpjx8y/heavy_salt_warning/
"Fly, fightâ€¦ lose?",124,141,1659842034,https://www.reddit.com/r/AirForce/comments/wi5lyh/fly_fight_lose/
It's Really Hard To Take The Air Force Seriously Anymore,1372,393,1659831928,https://www.reddit.com/r/AirForce/comments/wi2f5n/its_really_hard_to_take_the_air_force_seriously/
"Civilian-heavy shop: Iâ€™m underutilized, undervalued and depressed",61,50,1659475048,https://www.reddit.com/r/AirForce/comments/weneqz/civilianheavy_shop_im_underutilized_undervalued/
I wish I wasnâ€™t so scared to go to mental health,53,54,1658931546,https://www.reddit.com/r/AirForce/comments/w9g01k/i_wish_i_wasnt_so_scared_to_go_to_mental_health/
My brother needs to be discharged one way or another,177,33,1658871659,https://www.reddit.com/r/AirForce/comments/w8vz7v/my_brother_needs_to_be_discharged_one_way_or/
HHA Rundown,68,95,1658444416,https://www.reddit.com/r/SpaceForce/comments/w4uhue/hha_rundown/
I'm Tired - Pregnancy Separation Disapproved,133,49,1657067939,https://www.reddit.com/r/AirForce/comments/vscuys/im_tired_pregnancy_separation_disapproved/
Mental Health and getting out,59,10,1655662917,https://www.reddit.com/r/AirForce/comments/vg18a9/mental_health_and_getting_out/
"Why do I as a supervisor need to pry into the personal lives of my airmen and why am I basically required to babysit these ""adults""?",404,145,1655636848,https://www.reddit.com/r/AirForce/comments/vfsud1/why_do_i_as_a_supervisor_need_to_pry_into_the/
"Best military disability reference guide ever created: Wounded, III, and/or Injured Compensation and Benefits Handbook",46,2,1655427432,https://www.reddit.com/r/AirForce/comments/ve0o08/best_military_disability_reference_guide_ever/
Iâ€™m the person that commented and got a response on CMSAFâ€™s IG,44,68,1654298118,https://www.reddit.com/r/AirForce/comments/v4bnso/im_the_person_that_commented_and_got_a_response/
This is why we PT: Meta-analysis of 15 studies on depression suggests significant mental health benefits from being physically active,63,50,1652455105,https://www.reddit.com/r/AirForce/comments/uou21t/this_is_why_we_pt_metaanalysis_of_15_studies_on/
Is there a huge uptick in Amn w/mental health related issues or are we just more open about it now?,357,161,1651932141,https://www.reddit.com/r/AirForce/comments/ukdy92/is_there_a_huge_uptick_in_amn_wmental_health/
CSO Message to the Force,63,1,1651679189,https://www.reddit.com/r/SpaceForce/comments/ui9kpg/cso_message_to_the_force/
Shoutout to some of the good leaders out there.,71,7,1651161008,https://www.reddit.com/r/AirForce/comments/udy49e/shoutout_to_some_of_the_good_leaders_out_there/
Mental Health Care thru Doctors on Demand,64,24,1650933009,https://www.reddit.com/r/AirForce/comments/ubzuse/mental_health_care_thru_doctors_on_demand/
Burn Mental Health Down,251,74,1650915111,https://www.reddit.com/r/AirForce/comments/ubtbh1/burn_mental_health_down/
[Venting] Why is working in the military made so miserable?,50,30,1650032533,https://www.reddit.com/r/AirForce/comments/u495jr/venting_why_is_working_in_the_military_made_so/
I think itâ€™s time to call it quits,46,21,1649771138,https://www.reddit.com/r/AirForce/comments/u1zhh4/i_think_its_time_to_call_it_quits/
Going to mental health:,167,20,1649278128,https://www.reddit.com/r/AirForce/comments/txvvlp/going_to_mental_health/
An average day for a 65 year old retiree who totally isnâ€™t entitled unlike these new Airmen,1102,150,1649187056,https://www.reddit.com/r/AirForce/comments/tx2ysv/an_average_day_for_a_65_year_old_retiree_who/
I finally did it,148,22,1648049921,https://www.reddit.com/r/AirForce/comments/tkwphn/i_finally_did_it/
Yall ever take a mental health day?,194,178,1647899496,https://www.reddit.com/r/AirForce/comments/tjn0ra/yall_ever_take_a_mental_health_day/
Shirt w/Alcohol problems,45,35,1647793323,https://www.reddit.com/r/AirForce/comments/tiont1/shirt_walcohol_problems/
"Donâ€™t get me wrong, I actually like the concept of a team dedicated to improving mental health of the forceâ€¦ but â€œFFITâ€?",52,16,1647084197,https://www.reddit.com/r/AirForce/comments/tcefo5/dont_get_me_wrong_i_actually_like_the_concept_of/
â€œWe care about mental healthâ€,791,74,1646313795,https://www.reddit.com/r/AirForce/comments/t5rhou/we_care_about_mental_health/
CSO Message to the Force,86,53,1646257264,https://www.reddit.com/r/SpaceForce/comments/t5axer/cso_message_to_the_force/
Well my life is fucked,1004,213,1644560323,https://www.reddit.com/r/AirForce/comments/spscf1/well_my_life_is_fucked/
What can be done when your career is about to overwork everyone due to stupid ideas?,57,64,1644503516,https://www.reddit.com/r/AirForce/comments/sp7xmk/what_can_be_done_when_your_career_is_about_to/
"I've been in the Air Force for 10 years, here's some advice (and AMA)",282,110,1644170323,https://www.reddit.com/r/AirForce/comments/sm2y95/ive_been_in_the_air_force_for_10_years_heres_some/
My storyâ€¦to be continued.,168,74,1644026593,https://www.reddit.com/r/AirForce/comments/skv79u/my_storyto_be_continued/
Message to the Force from General Raymond,43,4,1643917519,https://www.reddit.com/r/SpaceForce/comments/sjsbzg/message_to_the_force_from_general_raymond/
How illegal is it to...,356,103,1643902836,https://www.reddit.com/r/AirForce/comments/sjm9w1/how_illegal_is_it_to/
How Reddit is filling gaps in the militaryâ€™s failing mental health care system,90,13,1643815968,https://www.reddit.com/r/AirForce/comments/sirht1/how_reddit_is_filling_gaps_in_the_militarys/
Air Force general openly shares his mental health appointment: â€˜Warrior heart. No stigmaâ€™,214,70,1643735506,https://www.reddit.com/r/AirForce/comments/si015j/air_force_general_openly_shares_his_mental_health/
Can I get diagnosed with Autism active duty?,49,48,1643693218,https://www.reddit.com/r/AirForce/comments/shn48y/can_i_get_diagnosed_with_autism_active_duty/
Mental Health Clinic Ruined And Saved My Life,122,20,1642988631,https://www.reddit.com/r/AirForce/comments/sba0lz/mental_health_clinic_ruined_and_saved_my_life/
The life of a 9 year (M)Sgt trying to make E-10.,432,51,1642851920,https://www.reddit.com/r/AirForce/comments/sa0tbp/the_life_of_a_9_year_msgt_trying_to_make_e10/
Help me with getting rid of this salt.,77,87,1641252850,https://www.reddit.com/r/AirForce/comments/rvfedv/help_me_with_getting_rid_of_this_salt/
I am creating this post to see if there is interest to create an anonymous Air Force-specific sobriety subreddit (something like /r/stopdrinking but for us),87,24,1640639593,https://www.reddit.com/r/AirForce/comments/rpxh54/i_am_creating_this_post_to_see_if_there_is/
Okay. *Schedules mental health appointment 3 months out*,335,49,1639655653,https://www.reddit.com/r/AirForce/comments/rhp7p7/okay_schedules_mental_health_appointment_3_months/
Airforce: â€œMental health is our top priority!â€â€¦.Also Air Force:,356,26,1639494697,https://www.reddit.com/r/AirForce/comments/rg9jzj/airforce_mental_health_is_our_top_priorityalso/
"Suicide needs to not become normalized, mental health does",135,36,1639014334,https://www.reddit.com/r/AirForce/comments/rc6lwq/suicide_needs_to_not_become_normalized_mental/
I was MED boarded for PTSD and TBI Iâ€™m here for any questions you may have?,52,64,1638482808,https://www.reddit.com/r/AirForce/comments/r7imdb/i_was_med_boarded_for_ptsd_and_tbi_im_here_for/
Important AFI's For Every Airman To Know,971,203,1638374632,https://www.reddit.com/r/AirForce/comments/r6i4t3/important_afis_for_every_airman_to_know/
TOXIC LEADERSHIP.. please help,127,53,1638230465,https://www.reddit.com/r/AirForce/comments/r59emb/toxic_leadership_please_help/
"ADAPT, a personal history (Update)",44,7,1637719341,https://www.reddit.com/r/AirForce/comments/r0thwa/adapt_a_personal_history_update/
An Open Letter About Air Force Culture Surrounding Mental Health,57,24,1637685723,https://www.reddit.com/r/AirForce/comments/r0hbg2/an_open_letter_about_air_force_culture/
Things Iâ€™ve learned 6 months as a 2nd LT.,785,148,1637633075,https://www.reddit.com/r/AirForce/comments/r02578/things_ive_learned_6_months_as_a_2nd_lt/
"The second loss this month. RIP, gents.",277,11,1637612618,https://www.reddit.com/r/AirForce/comments/qzuu4a/the_second_loss_this_month_rip_gents/
When you go talk to Mental Health,479,67,1637447901,https://www.reddit.com/r/AirForce/comments/qygn9v/when_you_go_talk_to_mental_health/
"If I go to mental health for suicidal thoughts, will they separate me?",179,69,1636988786,https://www.reddit.com/r/AirForce/comments/quigsd/if_i_go_to_mental_health_for_suicidal_thoughts/
Someone pencil whipped my MHA and I am bothered by it,101,37,1636736677,https://www.reddit.com/r/AirForce/comments/qsfp5o/someone_pencil_whipped_my_mha_and_i_am_bothered/
PCS and spouse civilian job,39,20,1635124254,https://www.reddit.com/r/AirForce/comments/qf5ptx/pcs_and_spouse_civilian_job/
starting to spiral and need some help.,52,13,1634997986,https://www.reddit.com/r/AirForce/comments/qe5i7l/starting_to_spiral_and_need_some_help/
Going to mental health,96,45,1634390066,https://www.reddit.com/r/AirForce/comments/q9bry4/going_to_mental_health/
The tale of SrA Sunshine,253,23,1634088965,https://www.reddit.com/r/AirForce/comments/q70nej/the_tale_of_sra_sunshine/
MEB and VA Rating Example,92,22,1633996782,https://www.reddit.com/r/AirForce/comments/q69a7j/meb_and_va_rating_example/
mental health problems,45,18,1632743308,https://www.reddit.com/r/AirForce/comments/pwfcur/mental_health_problems/
For those suffering from OAW here is some perspective from someone at Ramstein,148,62,1632739114,https://www.reddit.com/r/AirForce/comments/pwecrw/for_those_suffering_from_oaw_here_is_some/
A note on the rather alarming uptick in mental health posts:,68,26,1632707088,https://www.reddit.com/r/AirForce/comments/pw752p/a_note_on_the_rather_alarming_uptick_in_mental/
UPDATE: My Mental Health has gone to shit,563,28,1632617722,https://www.reddit.com/r/AirForce/comments/pvjfor/update_my_mental_health_has_gone_to_shit/
Itâ€™s Okay to not be Okay,144,18,1629139005,https://www.reddit.com/r/AirForce/comments/p5m5sr/its_okay_to_not_be_okay/
"I suffered from crippling alcholism, it almost killed me, I was in a coma for 2 weeks, went to rehab, and my leadership was awesome and I am currently 200+ days sober. Can talk about AA/ADAPT/Rehab how to tell if your drinking is ""a problem"", AMA!",507,97,1628687159,https://www.reddit.com/r/AirForce/comments/p2cok2/i_suffered_from_crippling_alcholism_it_almost/
How do MX leadership keep your give-a-shit meter from emptying completely?,45,21,1628574033,https://www.reddit.com/r/AirForce/comments/p1j1ij/how_do_mx_leadership_keep_your_giveashit_meter/
Not sure who needs to hear this but...,146,48,1628154029,https://www.reddit.com/r/AirForce/comments/oydmt3/not_sure_who_needs_to_hear_this_but/
AFSA Key Take-Aways,83,62,1627997055,https://www.reddit.com/r/AirForce/comments/ox3eqi/afsa_key_takeaways/
Please Help,125,82,1627912777,https://www.reddit.com/r/AirForce/comments/owf3g0/please_help/
"According to Air Force policy, I am no longer able to receive medication for ADHD, which I was diagnosed with while serving, while in training status.",134,86,1627070327,https://www.reddit.com/r/AirForce/comments/oqa7b4/according_to_air_force_policy_i_am_no_longer_able/
"If youâ€™re thinking of going MX in anyway, please for the sake of your mental health, do not.",559,205,1627055184,https://www.reddit.com/r/AirForce/comments/oq545j/if_youre_thinking_of_going_mx_in_anyway_please/
"Rant about Mental Health. BLUF: If you need help, seek it. Also, please look out for each other",55,6,1626460788,https://www.reddit.com/r/AirForce/comments/oln3x4/rant_about_mental_health_bluf_if_you_need_help/
USAF mental health?,244,24,1625766051,https://www.reddit.com/r/AirForce/comments/ogc9vs/usaf_mental_health/
I have a really neat opportunity with JBER public affairs on the 6th.,58,7,1625209353,https://www.reddit.com/r/AirForce/comments/oc4u74/i_have_a_really_neat_opportunity_with_jber_public/
Does anyone else feel like they want to disappear,76,27,1625190269,https://www.reddit.com/r/AirForce/comments/oc06n1/does_anyone_else_feel_like_they_want_to_disappear/
Finally made an appointment to mental health.,126,12,1624055971,https://www.reddit.com/r/AirForce/comments/o3246d/finally_made_an_appointment_to_mental_health/
Airman doesnâ€™t want to work weekends,60,130,1623946930,https://www.reddit.com/r/AirForce/comments/o215sc/airman_doesnt_want_to_work_weekends/
"Chief Towberman's Town Hall Notes, 04 June 2021 (Peterson AFB)",145,49,1623380861,https://www.reddit.com/r/SpaceForce/comments/nx5ues/chief_towbermans_town_hall_notes_04_june_2021/
CMSAF Appreciation Post,81,42,1623342237,https://www.reddit.com/r/AirForce/comments/nwrr3k/cmsaf_appreciation_post/
we have a mental health crisis so hereâ€™s a dorm burger night,302,20,1623167442,https://www.reddit.com/r/AirForce/comments/nv76zg/we_have_a_mental_health_crisis_so_heres_a_dorm/
MTI committed suicide 3 days before graduation,184,39,1622691916,https://www.reddit.com/r/AirForce/comments/nr43ol/mti_committed_suicide_3_days_before_graduation/
Are You Ok? #MentalHealthAwarenessMonth,148,87,1621982070,https://www.reddit.com/r/AirForce/comments/nl1w1y/are_you_ok_mentalhealthawarenessmonth/
NEVER STOP MOVING FORWARD,238,27,1621970383,https://www.reddit.com/r/AirForce/comments/nkxq6q/never_stop_moving_forward/
I donâ€™t know who to go to. Please help if you can.,44,22,1621851455,https://www.reddit.com/r/AirForce/comments/njuliz/i_dont_know_who_to_go_to_please_help_if_you_can/
Does it get better?,75,32,1621523285,https://www.reddit.com/r/AirForce/comments/nh2oof/does_it_get_better/
Struggling a bit.,45,24,1620513807,https://www.reddit.com/r/AirForce/comments/n80e76/struggling_a_bit/
Don't be afraid to burn bridges if its important for closure and for mental health.,61,27,1619103308,https://www.reddit.com/r/AirForce/comments/mw6k0j/dont_be_afraid_to_burn_bridges_if_its_important/
Why I'm getting out.,284,52,1618573180,https://www.reddit.com/r/AirForce/comments/ms1c8m/why_im_getting_out/
Help please,94,19,1617212231,https://www.reddit.com/r/AirForce/comments/mhbbxd/help_please/
Showing my airmen the cry corner. Go to mental health??? Nahhhhh. Itâ€™s alright to have a healthy cry once in a while.,921,61,1615467890,https://www.reddit.com/r/AirForce/comments/m2pmn9/showing_my_airmen_the_cry_corner_go_to_mental/
Mental health saved my life,108,8,1615279200,https://www.reddit.com/r/AirForce/comments/m12di6/mental_health_saved_my_life/
I am grateful to be in the Air Force.,337,32,1614702776,https://www.reddit.com/r/AirForce/comments/lw64yx/i_am_grateful_to_be_in_the_air_force/
Yearly mental health assessment aced!,68,15,1613666421,https://www.reddit.com/r/AirForce/comments/lmqwpn/yearly_mental_health_assessment_aced/
I made Staff and I'm proud,241,31,1612468916,https://www.reddit.com/r/AirForce/comments/lcol9b/i_made_staff_and_im_proud/
SEAC CZ On Mental Health. What this is all about. We Family.,125,6,1612409123,https://www.reddit.com/r/AirForce/comments/lc6byd/seac_cz_on_mental_health_what_this_is_all_about/
We ArE fAmIlY aNd We CaRe,122,42,1611015751,https://www.reddit.com/r/AirForce/comments/l07pou/we_are_family_and_we_care/
This Base is depressing.,53,53,1610635664,https://www.reddit.com/r/AirForce/comments/kx6zzd/this_base_is_depressing/
Net Years plan vs mental health exam. Have you ever...in you entire life... had more than two drinks? Nope.,77,10,1609389060,https://www.reddit.com/r/AirForce/comments/kniw8k/net_years_plan_vs_mental_health_exam_have_you/
Military Subreddit Census 2020 Results,56,8,1607490076,https://www.reddit.com/r/SpaceForce/comments/k9lgm7/military_subreddit_census_2020_results/
Military Subreddit Census 2020 Results,98,51,1607012166,https://www.reddit.com/r/AirForce/comments/k607a4/military_subreddit_census_2020_results/
My friend is making an effort to lower the mental health stigma with a Podcast called CatchMyS1X,49,5,1605533802,https://www.reddit.com/r/AirForce/comments/jv6uct/my_friend_is_making_an_effort_to_lower_the_mental/
Thank You,56,6,1605144246,https://www.reddit.com/r/AirForce/comments/jsl7y3/thank_you/
My friend is starting a podcast about mental health and his journey,43,6,1603196506,https://www.reddit.com/r/AirForce/comments/jeodwi/my_friend_is_starting_a_podcast_about_mental/
Mental Health Reminder: Go get some Fresh Air.,389,20,1602552340,https://www.reddit.com/r/AirForce/comments/ja3ux8/mental_health_reminder_go_get_some_fresh_air/
Leadershipâ€™s response to how to fix all time low morale and declining mental health,83,14,1600963804,https://www.reddit.com/r/AirForce/comments/iz04iw/leaderships_response_to_how_to_fix_all_time_low/
The average dorm SrA at your local FAC in 5 weeks,331,36,1599838480,https://www.reddit.com/r/AirForce/comments/iqssmo/the_average_dorm_sra_at_your_local_fac_in_5_weeks/
My commander made my day,1428,50,1598034152,https://www.reddit.com/r/AirForce/comments/ie27fd/my_commander_made_my_day/
US Space Force Mental health,110,7,1597733729,https://www.reddit.com/r/AirForce/comments/ibw4fi/us_space_force_mental_health/
Break The Mental Health Stigma,1378,63,1597099972,https://www.reddit.com/r/AirForce/comments/i7fouu/break_the_mental_health_stigma/
The Solution to Drastically reduce Air Force Suicides,76,63,1594637591,https://www.reddit.com/r/AirForce/comments/hqd66q/the_solution_to_drastically_reduce_air_force/
My experience with mental health as an airman in the dorms.,104,28,1593257206,https://www.reddit.com/r/AirForce/comments/hgrxov/my_experience_with_mental_health_as_an_airman_in/
Seriously creeped tf out right now,297,109,1592146042,https://www.reddit.com/r/AirForce/comments/h8v3sx/seriously_creeped_tf_out_right_now/
I hate being a woman in the Air Force.,428,167,1589574679,https://www.reddit.com/r/AirForce/comments/gkgwik/i_hate_being_a_woman_in_the_air_force/
Treat yo self to mental health appointment:,43,7,1582620970,https://www.reddit.com/r/AirForce/comments/f97h5f/treat_yo_self_to_mental_health_appointment/
"The Air Force doesn't understand depression that isn't PTSD, TBI, or singular event related; it isn't equipped to react to anxiety built up over time",469,126,1580146755,https://www.reddit.com/r/AirForce/comments/eur9mq/the_air_force_doesnt_understand_depression_that/
"I'm a psychologist (USAF AD), AMA",78,91,1580088572,https://www.reddit.com/r/AirForce/comments/eugmee/im_a_psychologist_usaf_ad_ama/
"""Do you ever wish you'd go to sleep and not wake up?"" This is basically how I try to explain the level of ambivalence to Mental Health, which doesn't understand the apathetic state of the modern depressed SrA",181,44,1579798040,https://www.reddit.com/r/AirForce/comments/esvqam/do_you_ever_wish_youd_go_to_sleep_and_not_wake_up/
"Folks, please remember that mental health can't make the meeting end, but they can help you get out of it!",125,8,1572397786,https://www.reddit.com/r/AirForce/comments/dozly9/folks_please_remember_that_mental_health_cant/
Observations from a suicidal Airman.,56,24,1571981782,https://www.reddit.com/r/AirForce/comments/dmsxei/observations_from_a_suicidal_airman/
I caught my mental health early. You can too. This subreddit kept me from a dark place and changed my life.,151,17,1567477865,https://www.reddit.com/r/AirForce/comments/cyyuct/i_caught_my_mental_health_early_you_can_too_this/
The PT Test Deaths?,190,148,1566901555,https://www.reddit.com/r/AirForce/comments/cw2i88/the_pt_test_deaths/
"I went to Mental Health, and Im ok. We need more Truthful Mental Health stories.",71,24,1566675271,https://www.reddit.com/r/AirForce/comments/cuxz2c/i_went_to_mental_health_and_im_ok_we_need_more/
"I developed schizophrenia in the Air Force and was treated and then discharged, AMAA",123,30,1566341229,https://www.reddit.com/r/AirForce/comments/ct7otj/i_developed_schizophrenia_in_the_air_force_and/
Need someone to talk to? - Looking for volunteers to be listed as someone a person in need could talk to.,63,167,1566180242,https://www.reddit.com/r/AirForce/comments/csam0l/need_someone_to_talk_to_looking_for_volunteers_to/
"To Fight the Suicide Epidemic, We Need to Stop Caring about Airmen Only as Airmen, and Start Caring About Them as People",255,40,1565301866,https://www.reddit.com/r/AirForce/comments/cnstto/to_fight_the_suicide_epidemic_we_need_to_stop/
RECENT POST TO TOXIC FB PAGE,64,18,1565136292,https://www.reddit.com/r/AirForce/comments/cmydjx/recent_post_to_toxic_fb_page/
Money is the answer to reducing suicide,96,41,1564951104,https://www.reddit.com/r/AirForce/comments/cm1afa/money_is_the_answer_to_reducing_suicide/
Devils advocate: the air force is trying to address suicide,39,33,1564915060,https://www.reddit.com/r/AirForce/comments/cluz2f/devils_advocate_the_air_force_is_trying_to/
"I finally figured out why I hate ""Resiliency Days"" activities so much.",40,11,1564793978,https://www.reddit.com/r/AirForce/comments/clckrx/i_finally_figured_out_why_i_hate_resiliency_days/
My First Shirt sent me to mental health today,48,17,1564714105,https://www.reddit.com/r/AirForce/comments/ckyaok/my_first_shirt_sent_me_to_mental_health_today/
So today I had to take a knee today,125,16,1564596670,https://www.reddit.com/r/AirForce/comments/ckc5kb/so_today_i_had_to_take_a_knee_today/
"The ""2019 is my year"" guy with a follow-up",177,13,1562168054,https://www.reddit.com/r/AirForce/comments/c8pilz/the_2019_is_my_year_guy_with_a_followup/
I made an Airman cry yesterday.,1023,49,1561029963,https://www.reddit.com/r/AirForce/comments/c2uuc0/i_made_an_airman_cry_yesterday/
"If you are on leave, donâ€™t check your damn email!",98,114,1560811091,https://www.reddit.com/r/AirForce/comments/c1u8zk/if_you_are_on_leave_dont_check_your_damn_email/
Update,183,12,1560654198,https://www.reddit.com/r/AirForce/comments/c15gcd/update/
10 Jun CMSAF JBER All Call Info,80,54,1560291177,https://www.reddit.com/r/AirForce/comments/bziy5n/10_jun_cmsaf_jber_all_call_info/
A word to supervisors and soon-to-be supervisors.,48,28,1559482514,https://www.reddit.com/r/AirForce/comments/bvxez0/a_word_to_supervisors_and_soontobe_supervisors/
Interesting video from VHA regarding Mental Health,45,3,1559241670,https://www.reddit.com/r/AirForce/comments/buwu8y/interesting_video_from_vha_regarding_mental_health/
The Air Force doesn't give a shit about its enlisted corps,170,96,1558938160,https://www.reddit.com/r/AirForce/comments/btiks2/the_air_force_doesnt_give_a_shit_about_its/
We have to do better.,264,23,1558908939,https://www.reddit.com/r/AirForce/comments/bte1js/we_have_to_do_better/
Reddit Meeting with the CMSAF,231,164,1558101007,https://www.reddit.com/r/AirForce/comments/bpricp/reddit_meeting_with_the_cmsaf/
AFPC Hates Me! I Retrained Using One Weird Trick...,114,42,1556161547,https://www.reddit.com/r/AirForce/comments/bh3q11/afpc_hates_me_i_retrained_using_one_weird_trick/
I had my retirement ceremony today and thanks for nothing,832,99,1555732174,https://www.reddit.com/r/AirForce/comments/bf85a0/i_had_my_retirement_ceremony_today_and_thanks_for/
MRW I see a young guy walking into mental health with a GoT shirt with the quote: â€œI drink and I know thingsâ€,90,3,1555597972,https://www.reddit.com/r/AirForce/comments/bem8vp/mrw_i_see_a_young_guy_walking_into_mental_health/
"ADAPT, a brief personal history",54,26,1555274433,https://www.reddit.com/r/AirForce/comments/bd7b5x/adapt_a_brief_personal_history/
Don't believe them when they say a CRB won't damage your career.,76,13,1554753814,https://www.reddit.com/r/AirForce/comments/bayeq3/dont_believe_them_when_they_say_a_crb_wont_damage/
Finally tried to bite the bullet and schedule a mental health appointment,82,33,1554245843,https://www.reddit.com/r/AirForce/comments/b8q84r/finally_tried_to_bite_the_bullet_and_schedule_a/
I Had Depression and Got Help: A Story,47,13,1553738003,https://www.reddit.com/r/AirForce/comments/b6cynq/i_had_depression_and_got_help_a_story/
(Update) Supervisor tried to convince me I have autism and told me to go to mental health... now the superintendent is trying to convince me I have autism.,51,69,1553216514,https://www.reddit.com/r/AirForce/comments/b3yncm/update_supervisor_tried_to_convince_me_i_have/
Need Help - Crayon Eater,84,77,1550289921,https://www.reddit.com/r/AirForce/comments/ar53i7/need_help_crayon_eater/
taking care of troops/potential (real) suicide/etc RANT,98,32,1550049803,https://www.reddit.com/r/AirForce/comments/aq4ss1/taking_care_of_troopspotential_real_suicideetc/
Broken Man,42,3,1549681346,https://www.reddit.com/r/AirForce/comments/aoobjd/broken_man/
Can't play the game anymore,159,46,1549251585,https://www.reddit.com/r/AirForce/comments/amxkk2/cant_play_the_game_anymore/
"Check on your troops, all of them",192,29,1547749001,https://www.reddit.com/r/AirForce/comments/ah0o5j/check_on_your_troops_all_of_them/
Your fraternization is killing morale,53,34,1545428863,https://www.reddit.com/r/AirForce/comments/a8ercr/your_fraternization_is_killing_morale/
State of the Subreddit - Census feedback discussion,53,54,1544627970,https://www.reddit.com/r/AirForce/comments/a5j1as/state_of_the_subreddit_census_feedback_discussion/
"I used Military One Source to see a counselor, here's what it was like",599,49,1543332001,https://www.reddit.com/r/AirForce/comments/a0vrkb/i_used_military_one_source_to_see_a_counselor/
Mental Health Emergencies ARE STILL Emergencies,62,32,1541169645,https://www.reddit.com/r/AirForce/comments/9tkojz/mental_health_emergencies_are_still_emergencies/
"Today, I took my Son to Mental Health at the VA",106,24,1538023408,https://www.reddit.com/r/AirForce/comments/9j9vh7/today_i_took_my_son_to_mental_health_at_the_va/
On behalf of suicide awareness month Iâ€™d like to share my story.,132,19,1537495868,https://www.reddit.com/r/AirForce/comments/9hl96x/on_behalf_of_suicide_awareness_month_id_like_to/
CMSAF Wright's AMA summary,340,59,1536762154,https://www.reddit.com/r/AirForce/comments/9f874n/cmsaf_wrights_ama_summary/
So long and thanks for all the tendies.,103,20,1536289765,https://www.reddit.com/r/AirForce/comments/9dq93l/so_long_and_thanks_for_all_the_tendies/
"BMT story time boys, since the incident post is low",66,46,1535416604,https://www.reddit.com/r/AirForce/comments/9auczc/bmt_story_time_boys_since_the_incident_post_is_low/
Donâ€™t let your demons become so large as to make you want to curl up in a small ball and cry.,110,15,1533219585,https://www.reddit.com/r/AirForce/comments/93zo06/dont_let_your_demons_become_so_large_as_to_make/
"If you are a FTA, please read this.",45,39,1532830791,https://www.reddit.com/r/AirForce/comments/92rjji/if_you_are_a_fta_please_read_this/
Notes from Church... I mean... the CMSAF Wright's All Call on Ramstein,189,66,1532631529,https://www.reddit.com/r/AirForce/comments/9253h1/notes_from_church_i_mean_the_cmsaf_wrights_all/
You Can Change Lives,40,13,1530470808,https://www.reddit.com/r/AirForce/comments/8vc2cw/you_can_change_lives/
Shitting the bed with mental health assessments,60,23,1529434956,https://www.reddit.com/r/AirForce/comments/8sbhrv/shitting_the_bed_with_mental_health_assessments/
Crisis Text Line - text â€œHomeâ€ to 741741,42,6,1526616606,https://www.reddit.com/r/AirForce/comments/8kaevp/crisis_text_line_text_home_to_741741/
With the recent suicide... can we talk about standard of living at bases?,149,150,1526610624,https://www.reddit.com/r/AirForce/comments/8k9uhp/with_the_recent_suicide_can_we_talk_about/
Who needs mental health?!?,210,3,1526343071,https://www.reddit.com/r/AirForce/comments/8jh6cm/who_needs_mental_health/
If you are in a leadership position,159,36,1520870154,https://www.reddit.com/r/AirForce/comments/83vzfd/if_you_are_in_a_leadership_position/
Should I report a fraudulent enlistment?,46,45,1520719459,https://www.reddit.com/r/AirForce/comments/83idda/should_i_report_a_fraudulent_enlistment/
"It's been real, it's been fun; it hasn't been real fun.",36,27,1520544005,https://www.reddit.com/r/AirForce/comments/8313vj/its_been_real_its_been_fun_it_hasnt_been_real_fun/
Kadena...Kadena has changed.,131,107,1517897693,https://www.reddit.com/r/AirForce/comments/7vlf7j/kadenakadena_has_changed/
"I know there is a lot of concerns about going to mental health in the military, well I am someone with a TS/SCI clearence that has been to mental health for suicidal ideas, and now have weekly therepy appointments. AMA.",74,33,1516163424,https://www.reddit.com/r/AirForce/comments/7qyibt/i_know_there_is_a_lot_of_concerns_about_going_to/
When was the first time you felt like you had succeeded as a supervisor?,105,65,1515536542,https://www.reddit.com/r/AirForce/comments/7pattt/when_was_the_first_time_you_felt_like_you_had/
To anyone going through some tough times...,58,3,1515477836,https://www.reddit.com/r/AirForce/comments/7p55hl/to_anyone_going_through_some_tough_times/
False Charges- update,81,16,1513734840,https://www.reddit.com/r/AirForce/comments/7ky4vp/false_charges_update/
I need help. Please don't judge me.,46,16,1512068340,https://www.reddit.com/r/AirForce/comments/7gonn7/i_need_help_please_dont_judge_me/
I just accepted my proposed VA disability ratings and medical retirement decision - and there's a few things I'd like to share about the process.,73,29,1510862708,https://www.reddit.com/r/AirForce/comments/7df2f0/i_just_accepted_my_proposed_va_disability_ratings/
We lost another one.,93,12,1508825921,https://www.reddit.com/r/AirForce/comments/78dxnx/we_lost_another_one/
"1A8. Left the AF in 2015, worked as a contractor for 2 years, and came back in. Here's why",98,87,1506129473,https://www.reddit.com/r/AirForce/comments/71vdy1/1a8_left_the_af_in_2015_worked_as_a_contractor/
"PSA: When you join the military, you need to stop doing drugs. Random urinalysis is a thing.",322,125,1506017375,https://www.reddit.com/r/AirForce/comments/71l0rn/psa_when_you_join_the_military_you_need_to_stop/
Why I hate being medical.,107,150,1505270331,https://www.reddit.com/r/AirForce/comments/6zru6l/why_i_hate_being_medical/
Here's what a suicide attempt looks like.,573,121,1503696529,https://www.reddit.com/r/AirForce/comments/6w1i2v/heres_what_a_suicide_attempt_looks_like/
Please Send Me Your Mental Health Stories.,68,16,1499852843,https://www.reddit.com/r/AirForce/comments/6mswz1/please_send_me_your_mental_health_stories/
Deployed discovered hard truth = new layer of salt,121,77,1498808820,https://www.reddit.com/r/AirForce/comments/6kej00/deployed_discovered_hard_truth_new_layer_of_salt/
The Air Force doesn't understand mental health,77,34,1498787120,https://www.reddit.com/r/AirForce/comments/6kcxil/the_air_force_doesnt_understand_mental_health/
"My boyfriend committed suicide six months ago, so to all those struggling...",278,41,1497873500,https://www.reddit.com/r/AirForce/comments/6i5xry/my_boyfriend_committed_suicide_six_months_ago_so/
What suicide is like,173,28,1497598112,https://www.reddit.com/r/AirForce/comments/6hl21y/what_suicide_is_like/
"About to be a single dad soon, advice??",41,26,1496533981,https://www.reddit.com/r/AirForce/comments/6f4d8u/about_to_be_a_single_dad_soon_advice/
I'm a Mental Health Provider AMA,44,100,1495805945,https://www.reddit.com/r/AirForce/comments/6dh012/im_a_mental_health_provider_ama/
"I see it on here occasionally, people putting their careers over the needs of their family, have you ever seen this in real life?",60,92,1495151421,https://www.reddit.com/r/AirForce/comments/6c03ef/i_see_it_on_here_occasionally_people_putting/
Back Pack Reflector > Airman's Life,77,33,1488519956,https://www.reddit.com/r/AirForce/comments/5x8osk/back_pack_reflector_airmans_life/
Tried Using Mental Health... 3 Week Wait List,46,14,1487365162,https://www.reddit.com/r/AirForce/comments/5uomyt/tried_using_mental_health_3_week_wait_list/
With all of these suicide posts...,126,6,1480992314,https://www.reddit.com/r/AirForce/comments/5gqdma/with_all_of_these_suicide_posts/
"I am burnt the fuck out, and there is nothing I can do about it.",538,171,1474713985,https://www.reddit.com/r/AirForce/comments/549nd2/i_am_burnt_the_fuck_out_and_there_is_nothing_i/
Newbie Questions,50,84,1473819307,https://www.reddit.com/r/AirForce/comments/52oc0f/newbie_questions/
"Story Time: OSI (this one's for you, /u/threwablue)",165,25,1470936697,https://www.reddit.com/r/AirForce/comments/4x97ab/story_time_osi_this_ones_for_you_uthrewablue/
I sort of regret seeing Mental Health now...,50,25,1470336676,https://www.reddit.com/r/AirForce/comments/4w64fe/i_sort_of_regret_seeing_mental_health_now/
Entire shop wants to commit suicide,49,45,1470178855,https://www.reddit.com/r/AirForce/comments/4vve1o/entire_shop_wants_to_commit_suicide/
"For the first time in a long time, I have hope for the future. Do not hesitate to go to mental health if you need it.",40,13,1461439283,https://www.reddit.com/r/AirForce/comments/4g4ut4/for_the_first_time_in_a_long_time_i_have_hope_for/
(Update)Wife came back from deployment changed.,113,51,1454543145,https://www.reddit.com/r/AirForce/comments/442lvx/updatewife_came_back_from_deployment_changed/
"I'm kinda depressed, and I'd never hurt myself or anyone else, but I don't know what to do...",43,21,1452499302,https://www.reddit.com/r/AirForce/comments/40ft4d/im_kinda_depressed_and_id_never_hurt_myself_or/
'Twas the night before Christmas...,264,27,1451006583,https://www.reddit.com/r/AirForce/comments/3y5040/twas_the_night_before_christmas/
A Letter For Those Who Need Help,63,25,1448392790,https://www.reddit.com/r/AirForce/comments/3u45ar/a_letter_for_those_who_need_help/
We lost another great Airman two night ago...,94,22,1441225157,https://www.reddit.com/r/AirForce/comments/3jeh0y/we_lost_another_great_airman_two_night_ago/
My Mental Health Story,39,36,1439554688,https://www.reddit.com/r/AirForce/comments/3gyv7b/my_mental_health_story/
In light of the recent SAPR threads...,49,43,1429291370,https://www.reddit.com/r/AirForce/comments/32xzq6/in_light_of_the_recent_sapr_threads/
Thanks everyone.,162,19,1426623698,https://www.reddit.com/r/AirForce/comments/2ze1gu/thanks_everyone/
Is what we do worth doing if you have no one to come home to???,48,46,1426398398,https://www.reddit.com/r/AirForce/comments/2z3kvx/is_what_we_do_worth_doing_if_you_have_no_one_to/
Tried to commit suicide. What now?,83,44,1425792427,https://www.reddit.com/r/AirForce/comments/2yba08/tried_to_commit_suicide_what_now/
UPDATE - Two days ago I posted about a guy I work with making unbelievable claims about his USAF service.  Here is what else I found out.,58,35,1348775002,https://www.reddit.com/r/AirForce/comments/10kuo8/update_two_days_ago_i_posted_about_a_guy_i_work/
